{"cameraMode":{"drawMode":0,"name":"Shaded","section":"Shading Mode"},"sceneLighting":true,"audioPlay":false,"sceneViewState":{"m_AlwaysRefresh":false,"showFog":true,"showSkybox":true,"showFlares":true,"showImageEffects":true,"showParticleSystems":true,"showVisualEffectGraphs":true,"m_FxEnabled":true},"in2DMode":false,"pivot":{"x":-18.828969955444337,"y":1.8043456077575684,"z":-1.7964130640029908},"rotation":{"x":-0.043901216238737109,"y":0.32851362228393557,"z":-0.015293318778276444,"w":-0.9434795379638672},"size":2.1922762393951418,"orthographic":false}