{"cameraMode":{"drawMode":0,"name":"Shaded","section":"Shading Mode"},"sceneLighting":true,"audioPlay":false,"sceneViewState":{"m_AlwaysRefresh":false,"showFog":true,"showSkybox":true,"showFlares":true,"showImageEffects":true,"showParticleSystems":true,"showVisualEffectGraphs":true,"m_FxEnabled":true},"in2DMode":false,"pivot":{"x":-6.1797285079956059,"y":1.4584852457046509,"z":-10.398780822753907},"rotation":{"x":-0.01616397686302662,"y":-0.01256045512855053,"z":-0.0024567795917391779,"w":1.000057339668274},"size":0.3891247510910034,"orthographic":false}