{"cameraMode":{"drawMode":0,"name":"Shaded","section":"Shading Mode"},"sceneLighting":true,"audioPlay":false,"sceneViewState":{"m_AlwaysRefresh":false,"showFog":true,"showSkybox":true,"showFlares":true,"showImageEffects":true,"showParticleSystems":true,"showVisualEffectGraphs":true,"m_FxEnabled":true},"in2DMode":false,"pivot":{"x":0.6395196914672852,"y":2.4236795902252199,"z":0.5772104263305664},"rotation":{"x":0.025751136243343355,"y":-0.872096061706543,"z":0.046086814254522327,"w":0.4867740571498871},"size":12.12435531616211,"orthographic":false}