{"cameraMode":{"drawMode":0,"name":"Shaded","section":"Shading Mode"},"sceneLighting":true,"audioPlay":false,"sceneViewState":{"m_AlwaysRefresh":false,"showFog":true,"showSkybox":true,"showFlares":true,"showImageEffects":true,"showParticleSystems":true,"showVisualEffectGraphs":true,"m_FxEnabled":true},"in2DMode":false,"pivot":{"x":-6.224191188812256,"y":2.3271608352661135,"z":-4.683655261993408},"rotation":{"x":0.0007434637518599629,"y":-0.9995034337043762,"z":0.021299084648489953,"w":0.02908199466764927},"size":9.631092071533204,"orthographic":false}